CharacteristicName,ResultMeasure.MeasureUnitCode,DetectionQuantitationLimitMeasure.MeasureUnitCode,Method_Id,ResultAnalyticalMethod.MethodName,USGSPCode,Conversion,Conversion_dl,Notes,URL
pH,count,,NA NA,,,-1000000,-1000000,units_fail,
pH,deg C,,NA NA,,,-1000000,-1000000,units_fail,
pH,mg/l,,NA NA,,,-1000000,-1000000,units_fail,
pH,mg/l,,USEPA 150.1,pH,,-1000000,-1000000,units_fail,
pH,Mole/l,Mole/l,HACH 8156,pH in Water,,-1000000,-1000000,units_fail,
pH,mS/cm,,NA NA,,,-1000000,-1000000,units_fail,
pH,mV,,11NPSWRD_WQX NPS_INSITU_AT600,Field Measurements by In-Situ Aqua TROLL 600,,-1000000,-1000000,units_fail,
pH,ng,,NA NA,,,-1000000,-1000000,units_fail,
pH,None,mg/l,PIIC_WQX PIIC_QAPP,PIIC_QAPP,,1,1,,
pH,None,None,21ARIZ FIELD,,,1,1,methods_unknown,
pH,None,None,21ARIZ UNKNOWN,,,1,1,methods_unknown,
pH,None,None,21FLLCPC_WQX SM4500H+B,pH,,1,1,"APHA 4500-H+B: pH of unfiltered water, laboratory, by electrometry (Standard Methods 4500-H B; DODEC program)",
pH,None,None,21FLMANA GENERIC,,,1,1,methods_unknown,
pH,None,None,21FLMANA_WQX GENERIC,General Listing of Field and Lab Analytical Procedures for Manatee County,,1,1,methods_WQX,
pH,None,None,21FLMCGL SOP-1,,,1,1,methods_unknown,
pH,None,None,21FLORAN EPA200.7,,,-1000000,-1000000,methods_fail,
pH,None,None,21FLORAN FT1100,,,1,1,methods_unknown,
pH,None,None,21FLORAN_WQX FT1100,Field Measurement of Hydrogen Ion Activity (pH),,1,1,methods_WQX,
pH,None,None,21FLORL FT_1100,,,1,1,methods_unknown,
pH,None,None,21FLORL_WQX FT_1100,Field Measurement of Hydrogen Ion Activity (pH),,1,1,methods_WQX,
pH,None,None,21FLPOLK 4500 H+ B,,,1,1,"APHA 4500-H+B: pH of unfiltered water, laboratory, by electrometry (Standard Methods 4500-H B; DODEC program)",
pH,None,None,21FLPOLK DEP SOP FT 1100,,,1,1,methods_unknown,
pH,None,None,21FLPOLK_WQX DEP SOP FT 1100,pH,,1,1,methods_WQX,
pH,None,None,21FLSEM FT1100,,,1,1,methods_unknown,
pH,None,None,21FLSEM_WQX FDEP FT1100,FDEP FT1100,,1,1,methods_WQX,
pH,None,None,21FLSEM_WQX FT1100,pH by FDEP Standards,,1,1,methods_WQX,
pH,None,None,21FLSFWM WQ-1,,,1,1,methods_unknown,
pH,None,None,21FLWPB_WQX FT_1100,FIELD MEASUREMENT OF HYDROGEN ION ACTIVITY (pH),,1,1,methods_WQX,
pH,None,None,21IOWA_WQX ISU 2510,ISU modification of APHA 2510,,-1000000,-1000000,methods_fail; conductivity,
pH,None,None,21IOWA_WQX ISU 4500-H,ISU modification of APHA 4500-H,,1,1,"APHA 4500-H+B: pH of unfiltered water, laboratory, by electrometry (Standard Methods 4500-H B; DODEC program)",
pH,None,None,21NC03WQ WSSSOP,WSSSOP,,1,1,methods_unknown,
pH,None,None,APHA 2120-C,2120 C ~ Color in Water by Spectrophotometry,,-1000000,-1000000,methods_fail,
pH,None,None,APHA 4500-H,4500 H ~ pH in Water,,1,1,"APHA 4500-H+B: pH of unfiltered water, laboratory, by electrometry (Standard Methods 4500-H B; DODEC program)",
pH,None,None,APHA 4500-H,,,1,1,"APHA 4500-H+B: pH of unfiltered water, laboratory, by electrometry (Standard Methods 4500-H B; DODEC program)",
pH,None,None,APHA 4500-H+B,"4500 H+B ~ pH in Water by Potentiometry, pH Value in Water by Potentiometry Using a Standard Hydrogen Electrode",,1,1,"APHA 4500-H+B: pH of unfiltered water, laboratory, by electrometry (Standard Methods 4500-H B; DODEC program)",
pH,None,None,AZDEQ_SW EL003,EL003,,1,1,methods_unknown,
pH,None,None,AZDEQ_SW EPA 150.1,EPA 150.1,,1,1,"EPA 150.1; pH, Electrometric Method",
pH,None,None,AZDEQ_SW EPA 150.1 MOD,EPA 150.1 MOD,,1,1,"EPA 150.1; pH, Electrometric Method",
pH,None,None,AZDEQ_SW EPA 200.7,EPA 200.7,,-1000000,-1000000,methods_fail,
pH,None,None,AZDEQ_SW FIELD,FIELD,,1,1,methods_unknown,
pH,None,None,AZDEQ_SW SM 4500-H,SM 4500-H,,1,1,"APHA 4500-H+B: pH of unfiltered water, laboratory, by electrometry (Standard Methods 4500-H B; DODEC program)",
pH,None,None,AZDEQ_SW SM 4500-H+,SM 4500-H+,,1,1,"APHA 4500-H+B: pH of unfiltered water, laboratory, by electrometry (Standard Methods 4500-H B; DODEC program)",
pH,None,None,AZDEQ_SW SM 4500 H-B,SM 4500 H-B,,1,1,"APHA 4500-H+B: pH of unfiltered water, laboratory, by electrometry (Standard Methods 4500-H B; DODEC program)",
pH,None,None,AZDEQ_SW SM 4500 H+,SM 4500 H+,,1,1,"APHA 4500-H+B: pH of unfiltered water, laboratory, by electrometry (Standard Methods 4500-H B; DODEC program)",
pH,None,None,AZDEQ_SW SM 4500 H+B,SM 4500 H+B,,1,1,"APHA 4500-H+B: pH of unfiltered water, laboratory, by electrometry (Standard Methods 4500-H B; DODEC program)",
pH,None,None,AZDEQ_SW UNKNOWN,UNKNOWN,,1,1,methods_unknown,
pH,None,None,HACH 8156,pH in Water,,1,1,,
pH,None,None,INSTOR_WQX 150.1,150.1,,1,1,,
pH,None,None,INSTOR_WQX 150.2,150.2,,1,1,,
pH,None,None,NA NA,,,1,1,methods_unknown,
pH,None,None,SDDENR_WQX field,UNKOWN,,1,1,,
pH,None,None,SDWRAP WRAPFLD,,,1,1,methods_unknown,
pH,None,None,USDOI/USGS I-2587-85,"pH of Water Samples, Automated",,1,1,"USGS I-2587-85;  pH of Water Samples, Automated",
pH,None,None,USEPA 150.1,pH,,1,1,"EPA 150.1; pH, Electrometric Method",
pH,None,None,USEPA 150.1,,,1,1,"EPA 150.1; pH, Electrometric Method",
pH,None,Normal,USEPA 150.1,pH,,1,1,"EPA 150.1; pH, Electrometric Method",
pH,None,ppm,APHA 4500-H+B,"4500 H+B ~ pH in Water by Potentiometry, pH Value in Water by Potentiometry Using a Standard Hydrogen Electrode",,1,-1000000,"APHA 4500-H+B: pH of unfiltered water, laboratory, by electrometry (Standard Methods 4500-H B; DODEC program)",
pH,None,,11NPSWRD_WQX CACO_ALKPH_TITR,Kettle Pond Monitoring - pH and Alkalinity Titrations,,1,1,,
pH,None,,11NPSWRD_WQX CRLA_CCAL_423,pH by Standard Method 15th Edition Method 423,,1,1,methods_WQX,
pH,None,,11NPSWRD_WQX CRLA_EMSTRIP_PH,pH by E.M. Colorphast pH Strips,,1,1,methods_WQX,
pH,None,,11NPSWRD_WQX CRLA_LTMP_423,pH by Standard Method 14th Edition Method 423 Altex Meter,,1,1,methods_WQX,
pH,None,,11NPSWRD_WQX CUPN_APERA_PH_SPC,Apera pH/Conductivity Portable Meter SX823-B,,1,1,methods_WQX,
pH,None,,11NPSWRD_WQX CUPN_OAKTON300_PH/SP,Oakton Portable Waterproof pH/CON 300 Meter 35631-00,,1,1,methods_WQX,
pH,None,,11NPSWRD_WQX CURE_HYDROLAB_MS5,Hydrolab MS5 Multiprobe with LDO Sensor,,1,1,methods_WQX,
pH,None,,11NPSWRD_WQX GLKN_HL_DS4X,Multiprobe Field Analysis,,1,1,,
pH,None,,11NPSWRD_WQX GLKN_HL_DS5.0,Multiprobe Field Analysis Hydrolab DS5.0,,1,1,,
pH,None,,11NPSWRD_WQX GLKN_HL_DS5X,Multiprobe Field Analysis,,1,1,,
pH,None,,11NPSWRD_WQX GLKN_HL_MS5.0,Multiprobe Field Analysis,,1,1,,
pH,None,,11NPSWRD_WQX GLKN_MM774,Multiprobe Field Analysis with Eureka Manta MM774,,1,1,,
pH,None,,11NPSWRD_WQX GLKN_MM775,Multiprobe Field Analysis with Eureka Manta MM775,,1,1,,
pH,None,,11NPSWRD_WQX GLKN_MT132,Multiprobe Field Analysis with Eureka Manta M09050132,,1,1,,
pH,None,,11NPSWRD_WQX GLKN_MT318,Multiprobe Field Analysis with Eureka Manta M080600318,,1,1,,
pH,None,,11NPSWRD_WQX GLKN_MT603,Multiprobe Field Analysis with Eureka Manta MT01193603,,1,1,,
pH,None,,11NPSWRD_WQX GLKN_MT888,Multiprobe Field Analysis with Eureka Manta MT08193888,,1,1,,
pH,None,,11NPSWRD_WQX GLKN_MY938,Multiprobe Field Analysis with Eureka Manta MY938,,1,1,,
pH,None,,11NPSWRD_WQX GLKN_YSI650MDS,Multiprobe Field Analysis with YSI Model 650 MDS,,1,1,,
pH,None,,11NPSWRD_WQX GLKN_YSI6820,Multiprobe Field Analysis with YSI Model 6820,,1,1,,
pH,None,,11NPSWRD_WQX GLKN_YSI6920,Multiprobe Field Analysis with YSI Model 6920,,1,1,,
pH,None,,11NPSWRD_WQX GLKN_YSIPROPLUS,Multiprobe Field Analysis with YSI ProPlus,,1,1,,
pH,None,,11NPSWRD_WQX GRBA_OAKTON_PH,PH Testing using either Oakton pH Testr2 and Testr3,,1,1,methods_WQX,
pH,None,,11NPSWRD_WQX GRYN_150.2,pH,,1,1,"EPA 150.2; pH, Continuous Monitoring (Electrometric)",
pH,None,,11NPSWRD_WQX NETN_EXO1,Northeast Temperate Network EXO1 Multiparameter Sonde,,1,1,,
pH,None,,11NPSWRD_WQX NETN_YSI52,Northeast Temperate Network YSI52 Multiparameter Sonde,,1,1,,
pH,None,,11NPSWRD_WQX NETN_YSI600,Northeast Temperate Network YSI600 Multiparameter Sonde,,1,1,,
pH,None,,11NPSWRD_WQX NPS_FISHER_5PH,pH by Fisher Model 5 pH Meter,,1,1,methods_WQX,
pH,None,,11NPSWRD_WQX NPS_HYDR_M&D_4A,Hydrolab MiniSonde 4a or Hydrolab DataSonde 4a,,1,1,methods_WQX,
pH,None,,11NPSWRD_WQX NPS_HYDRLAB_MS,Hydrolab MiniSonde Data Logger Probes,,1,1,,
pH,None,,11NPSWRD_WQX NPS_HYDROLA_H2O,Hydrolab H2O,,1,1,,
pH,None,,11NPSWRD_WQX NPS_INSITU_AT600,Field Measurements by In-Situ Aqua TROLL 600,,1,1,methods_WQX,
pH,None,,11NPSWRD_WQX NPS_INTROLL9000,In-Situ TROLL 9000 Multi-Parameter Water Quality Monitor,,1,1,methods_WQX,
pH,None,,11NPSWRD_WQX NPS_LEGACY,Unspecified Standard Grab Sample Procedure,,1,1,methods_WQX,
pH,None,,11NPSWRD_WQX NPS_METERUNKN,Portable Meter or Probe (Unknown Model),,1,1,methods_WQX,
pH,None,,11NPSWRD_WQX NPS_MISSING,Procedure not Required when Result Entered into National Database,,1,1,methods_WQX,
pH,None,,11NPSWRD_WQX NPS_NURE_LAPHF,Los Alamos pH Field Measurements,,1,1,methods_WQX,
pH,None,,11NPSWRD_WQX NPS_OAKTON,"Portable Oakton Probe, unknown model or instrument number",,1,1,methods_WQX,
pH,None,,11NPSWRD_WQX NPS_Unspecified,Unknown or Unspecified Procedure,,1,1,methods_WQX,
pH,None,,11NPSWRD_WQX NPS_UNSPECIFIED,Unknown or Unspecified Procedure,,1,1,,
pH,None,,11NPSWRD_WQX NPS_YSI556MPS,YSI Model 556 Multiprobe System,,1,1,methods_WQX,
pH,None,,11NPSWRD_WQX NPS_YSI6820,YSI 6820 Multi-parameter Water Quality Sonde,,1,1,,
pH,None,,11NPSWRD_WQX PORE_WQ_GEN,General Water Quality Procedures,,1,1,methods_WQX,
pH,None,,11NPSWRD_WQX SFAN_SOP_5,Field Methods for Measurement of Core Parameters,,1,1,methods_WQX,
pH,None,,11NPSWRD_WQX SM4500-H+B,APHA Standard Methods: pH Value in Water by Potentiometry Using a Standard Hydrogen Electrode,,1,1,,
pH,None,,11NPSWRD_WQX USGS_UNKFIELDPR,USGS Unknown Field Analytical Procedure,,1,1,methods_WQX,
pH,None,,11NPSWRD_WQX USGS_UNKNOWN,USGS Unknown/Unspecified Analytical Procedure,,1,1,methods_WQX,
pH,None,,1VTDECWQ VTDEC-110,pH using APHA 4500-H+B after air equilibration (EPA-600/4-87-026),,1,1,,
pH,None,,21ARIZ FIELD,,,1,1,methods_unknown,
pH,None,,21ARIZ UNKNOWN,,,1,1,methods_unknown,
pH,None,,21ARIZ_WQX EPA 150.1,PH- LAB,,1,1,"EPA 150.1; pH, Electrometric Method",
pH,None,,21ARIZ_WQX EPA 150.1 MOD,PH- LAB (MODIFIED),,1,1,"EPA 150.1; pH, Electrometric Method",
pH,None,,21ARIZ_WQX EPA 200.7,METALS,,-1000000,-1000000,methods_fail,
pH,None,,21ARIZ_WQX FIELD,FIELD PARAMETERS,,1,1,methods_WQX,
pH,None,,21ARIZ_WQX SM 4500-H,STANDARD METHOD 4500-H,,1,1,"APHA 4500-H+B: pH of unfiltered water, laboratory, by electrometry (Standard Methods 4500-H B; DODEC program)",
pH,None,,21ARIZ_WQX SM 4500-H+,STANDARD METHOD 4500-H+,,1,1,"APHA 4500-H+B: pH of unfiltered water, laboratory, by electrometry (Standard Methods 4500-H B; DODEC program)",
pH,None,,21ARIZ_WQX SM 4500 H-B,PH IN WATER,,1,1,"APHA 4500-H+B: pH of unfiltered water, laboratory, by electrometry (Standard Methods 4500-H B; DODEC program)",
pH,None,,21ARIZ_WQX SM 4500 H+,STANDARD METHOD 4500 FOR PH,,1,1,"APHA 4500-H+B: pH of unfiltered water, laboratory, by electrometry (Standard Methods 4500-H B; DODEC program)",
pH,None,,21ARIZ_WQX SM 4500 H+B,PH IN WATER,,1,1,"APHA 4500-H+B: pH of unfiltered water, laboratory, by electrometry (Standard Methods 4500-H B; DODEC program)",
pH,None,,21COL001 HISTORIC,,,1,1,methods_unknown,
pH,None,,21COL001 METER_1,,,1,1,methods_unknown,
pH,None,,21DELAWQ_WQX YSI 6-Series,YSI 6-Series Multi-Parameter Sonde,,1,1,methods_WQX,
pH,None,,21FLA_WQX FDEP FT1100,FDEP FT1100,,1,1,methods_WQX,
pH,None,,21FLA_WQX FT_1100,Field pH,,1,1,methods_WQX,
pH,None,,21FLACEP_WQX FDEP FT1100,FDEP FT1100,,1,1,methods_WQX,
pH,None,,21FLALTA_WQX FT1100,Field Measurement of Hydrogen Ion Activity (pH),,1,1,methods_WQX,
pH,None,,21FLBRA FT 1100,,,1,1,,
pH,None,,21FLBREV FT1100,,,1,1,methods_unknown,
pH,None,,21FLCBA PH,,,1,1,methods_unknown,
pH,None,,21FLCBA_WQX FIELD,Field Measurments,,1,1,methods_WQX,
pH,None,,21FLCEN_WQX FDEP FT1100,FDEP FT1100,,1,1,methods_WQX,
pH,None,,21FLCEN_WQX FT 1100,pH,,1,1,methods_WQX,
pH,None,,21FLCEN_WQX FT_1100,FIELD MEASUREMENT OF PH,,1,1,methods_WQX,
pH,None,,21FLCEN_WQX HISTORICAL,Standard Operation Procedure,,1,1,methods_WQX,
pH,None,,21FLCEN_WQX SOP-ANALY,Standard Analytical Procedure,,1,1,methods_WQX,
pH,None,,21FLCOLL_WQX FDEP FT1100,FDEP FT1100,,1,1,methods_WQX,
pH,None,,21FLCOLL_WQX FIELD READINGS,Measurements/readings obtained in the field,,1,1,methods_WQX,
pH,None,,21FLCOLL_WQX LKTRAFF,Lake Trafford,,1,1,methods_WQX,
pH,None,,21FLCOSP_WQX FDEP FT1100,FDEP FT1100,,1,1,methods_WQX,
pH,None,,21FLCOSP_WQX FT1100,Field pH,,1,1,methods_WQX,
pH,None,,21FLCOT_WQX FDEP FT1100,FDEP FT1100,,1,1,methods_WQX,
pH,None,,21FLFTM_WQX FDEP FT1100,FDEP FT1100,,1,1,methods_WQX,
pH,None,,21FLFTM_WQX FT_1100,Field measurement of pH,,1,1,methods_WQX,
pH,None,,21FLGW_WQX 900456,QA Plan #900456,,1,1,methods_WQX,
pH,None,,21FLGW_WQX FDEP FT1100,FDEP FT1100,,1,1,methods_WQX,
pH,None,,21FLGW_WQX FT1100GW,"pH, field",,1,1,methods_WQX,
pH,None,,21FLHILL_WQX FDEP FT1100,FDEP FT1100,,1,1,methods_WQX,
pH,None,,21FLHILL_WQX FT 1100,Field Measurement of Hydrogen Ion Activity (pH),,1,1,methods_WQX,
pH,None,,21FLHILL_WQX PH,pH field,,1,1,methods_WQX,
pH,None,,21FLLCPC_WQX DEP-SOP-001/01,DEP STANDARD OPERATING PROCEDURES FOR FIELD ACTIVITIES,,1,1,methods_WQX,
pH,None,,21FLLCPC_WQX FDEP FT1100,FDEP FT1100,,1,1,methods_WQX,
pH,None,,21FLLCPC_WQX LCQSM,LAKE COUNTY QUALITY SYSTEMS MANUAL,,1,1,methods_WQX,
pH,None,,21FLLCPC_WQX SJRWMDWQM,WATER QUALITY MANUAL FOR VOLUNTEERS IN THE ST. JOHNS RIVER WATER MANAGEMENT DISTRICT,,1,1,methods_WQX,
pH,None,,21FLLCPC_WQX SM4500H+B,pH,,1,1,"APHA 4500-H+B: pH of unfiltered water, laboratory, by electrometry (Standard Methods 4500-H B; DODEC program)",
pH,None,,21FLMANA GENERIC,,,1,1,methods_unknown,
pH,None,,21FLMANA_WQX GENERIC,General Listing of Field and Lab Analytical Procedures for Manatee County,,1,1,methods_WQX,
pH,None,,21FLMCGL SOP-1,,,1,1,methods_unknown,
pH,None,,21FLORAN_WQX FDEP FT1100,FDEP FT1100,,1,1,methods_WQX,
pH,None,,21FLORAN_WQX FT1100,Field Measurement of Hydrogen Ion Activity (pH),,1,1,methods_WQX,
pH,None,,21FLORL FT_1100,,,1,1,methods_unknown,
pH,None,,21FLPBCH FT_1100,,,1,1,methods_unknown,
pH,None,,21FLPBCH_WQX FDEP FT1100,FDEP FT1100,,1,1,methods_WQX,
pH,None,,21FLPBCH_WQX FT_1100,Field Measurements of Hydrogen Ion Activity (pH),,1,1,methods_WQX,
pH,None,,21FLPDEM FT 1000,,,1,1,methods_unknown,
pH,None,,21FLPDEM HYDROLAB 003,,,1,1,methods_unknown,
pH,None,,21FLPDEM_WQX FDEP FT1100,FDEP FT1100,,1,1,methods_WQX,
pH,None,,21FLPDEM_WQX FT 1000,Field Measurements and Observations,,1,1,methods_WQX,
pH,None,,21FLPDEM_WQX SM 2120 B,"Color, True",,-1000000,-1000000,methods_fail,
pH,None,,21FLPNS_WQX FDEP FT1100,FDEP FT1100,,1,1,methods_WQX,
pH,None,,21FLPNS_WQX FT_1100,FIELD MEASUREMENT OF PH,,1,1,methods_WQX,
pH,None,,21FLPNS_WQX PH,Field Measurement of PH in Standard Units DEP SOP FT 1100,,1,1,methods_WQX,
pH,None,,21FLPNS_WQX STANDMETH,Standard Methods for the Examination of Water and Wastewater,,1,1,methods_WQX,
pH,None,,21FLPOLK YSI,,,1,1,methods_unknown,
pH,None,,21FLPOLK_WQX DEP SOP FT 1100,pH,,1,1,methods_WQX,
pH,None,,21FLPOLK_WQX FDEP FT1100,FDEP FT1100,,1,1,methods_WQX,
pH,None,,21FLSARA_WQX FT-1100,Field Measurement of Hydrogen Ion Activity (pH),,1,1,methods_WQX,
pH,None,,21FLSEM FT1100,,,1,1,methods_unknown,
pH,None,,21FLSFWM WQ-1,,,1,1,methods_unknown,
pH,None,,21FLSFWM_WQX SFWMD-FSQM,SFWMD-FSQM,,1,1,methods_WQX,
pH,None,,21FLSFWM_WQX SFWMD FSQM,SFWMD FSQM,,1,1,methods_WQX,
pH,None,,21FLSFWM_WQX WQ-1,Laboratory Procedures for Water Quality Chemical Analysis,,1,1,methods_WQX,
pH,None,,21FLSJWM OTHER/UNKNOWN,,,1,1,,
pH,None,,21FLSJWM_WQX OTHER/UNKNOWN,Other or Unknown Procedure,,1,1,methods_WQX,
pH,None,,21FLSUW FT 1100,,,1,1,,
pH,None,,21FLSUW_WQX FT 1100,Field Measurement of Hydrogen Ion Activity (pH),,1,1,methods_WQX,
pH,None,,21FLSUW_WQX OTHER/UNKNOWN,Other of Unknown Procedure,,1,1,methods_WQX,
pH,None,,21FLSWFD_WQX FDEP FT1100,FDEP FT1100,,1,1,methods_WQX,
pH,None,,21FLSWFD_WQX FT-1100,Field Measurement of Hydrogen Ion Activity (pH),,1,1,methods_WQX,
pH,None,,21FLTLHR_WQX FDEP FT1100,FDEP FT1100,,1,1,methods_WQX,
pH,None,,21FLTLHR_WQX FT_1100,FIELD MEASUREMENT OF pH,,1,1,methods_WQX,
pH,None,,21FLTPA_WQX FDEP FT1100,FDEP FT1100,,1,1,methods_WQX,
pH,None,,21FLTPA_WQX FT_1100,FIELD MEASUREMENT OF PH,,1,1,methods_WQX,
pH,None,,21FLTPA_WQX FT_1800,FIELD MEASUREMENT OF FLOW SEVERITY,,-1000000,-1000000,methods_fail,
pH,None,,21FLTPA_WQX FT1100,pH,,1,1,methods_WQX,
pH,None,,21FLVEMD_WQX MULTIPROBE,MULTIPROBE HYDROLAB FIELD MEASUREMENT,,1,1,methods_WQX,
pH,None,,21FLVEMD_WQX SOP-2,Field/Lab SOP IRLWQMN,,1,1,methods_WQX,
pH,None,,21FLWET_WQX FT_1100,FIELD MEASUREMENT OF PH,,1,1,methods_WQX,
pH,None,,21FLWPB_WQX 4500H,STANDARD METHODS 4500H - pH BY PROBE,,1,1,"APHA 4500-H+B: pH of unfiltered water, laboratory, by electrometry (Standard Methods 4500-H B; DODEC program)",
pH,None,,21FLWPB_WQX FDEP FT1100,FDEP FT1100,,1,1,methods_WQX,
pH,None,,21FLWPB_WQX FT_1100,FIELD MEASUREMENT OF HYDROGEN ION ACTIVITY (pH),,1,1,methods_WQX,
pH,None,,21FLWQA_WQX FDEP FT1100,FDEP FT1100,,1,1,methods_WQX,
pH,None,,21FLWQA_WQX FT_1100,FIELD MEASUREMENT OF PH,,1,1,methods_WQX,
pH,None,,21FLWQSP_WQX FDEP FT1100,FDEP FT1100,,1,1,methods_WQX,
pH,None,,21FLWQSP_WQX FT_1100,FIELD MEASUREMENT OF PH,,1,1,methods_WQX,
pH,None,,21FLWQSP_WQX FT1100,FIELD MEASUREMENT OF HYDROGEN ION ACTIVITY (pH),,1,1,methods_WQX,
pH,None,,21IND_WQX 150.2,150.2,,1,1,,
pH,None,,21IOWA_WQX ISU 2510,ISU modification of APHA 2510,,-1000000,-1000000,methods_fail; conductivity,
pH,None,,21IOWA_WQX ISU 4500-H,ISU modification of APHA 4500-H,,1,1,"APHA 4500-H+B: pH of unfiltered water, laboratory, by electrometry (Standard Methods 4500-H B; DODEC program)",
pH,None,,21IOWA_WQX Unknown,Unknown,,1,1,methods_WQX,
pH,None,,21KY SM4500-H+ B,,,1,1,"APHA 4500-H+B: pH of unfiltered water, laboratory, by electrometry (Standard Methods 4500-H B; DODEC program)",
pH,None,,21MICH MDEQ-EPA,,,1,1,,
pH,None,,21NC01WQ PH_FIELD,,,1,1,methods_unknown,
pH,None,,21NC01WQ PH_LAB,,,1,1,methods_unknown,
pH,None,,21NC02WQ WQS SOP,,,1,1,methods_unknown,
pH,None,,21NC03WQ WSSSOP,WSSSOP,,1,1,methods_unknown,
pH,None,,21NEV1_WQX 0007,NV Method 0007 Undefined,,1,1,methods_WQX,
pH,None,,21NJDEP1 PH,,,1,1,,
pH,None,,21NYDECA_WQX UNKNOWN,UNKNOWN,,1,1,,
pH,None,,21OHIO_WQX USEPA 150.1,USEPA 150.1,,1,1,,
pH,None,,21VASWCB USER DEFINED,CONTACT VADEQ FOR DETAILS,,1,1,methods_unknown,
pH,None,,APHA 2320,Alkalinity in Water by Titration,,-1000000,-1000000,methods_fail,
pH,None,,APHA 2320-B,2320 B ~ Alkalinity by Gran Titration,,-1000000,-1000000,methods_fail,
pH,None,,APHA 4500-H,4500 H ~ pH in Water,,1,1,"APHA 4500-H+B: pH of unfiltered water, laboratory, by electrometry (Standard Methods 4500-H B; DODEC program)",
pH,None,,APHA 4500-H,,,1,1,"APHA 4500-H+B: pH of unfiltered water, laboratory, by electrometry (Standard Methods 4500-H B; DODEC program)",
pH,None,,APHA 4500-H+B,"4500 H+B ~ pH in Water by Potentiometry, pH Value in Water by Potentiometry Using a Standard Hydrogen Electrode",,1,1,"APHA 4500-H+B: pH of unfiltered water, laboratory, by electrometry (Standard Methods 4500-H B; DODEC program)",
pH,None,,ASTM D1293(B),D1293 B  ~ pH of Water By Routine Measurement,,1,1,ASTM D1293 B,
pH,None,,AZDEQ_SW EPA 150.1,EPA 150.1,,1,1,"EPA 150.1; pH, Electrometric Method",
pH,None,,AZDEQ_SW FIELD,FIELD,,1,1,methods_unknown,
pH,None,,AZDEQ_SW SM 4500-H,SM 4500-H,,1,1,"APHA 4500-H+B: pH of unfiltered water, laboratory, by electrometry (Standard Methods 4500-H B; DODEC program)",
pH,None,,AZDEQ_SW SM 4500 H-B,SM 4500 H-B,,1,1,"APHA 4500-H+B: pH of unfiltered water, laboratory, by electrometry (Standard Methods 4500-H B; DODEC program)",
pH,None,,AZDEQ_SW SM 4500 H+,SM 4500 H+,,1,1,"APHA 4500-H+B: pH of unfiltered water, laboratory, by electrometry (Standard Methods 4500-H B; DODEC program)",
pH,None,,AZDEQ_SW SM 4500 H+B,SM 4500 H+B,,1,1,"APHA 4500-H+B: pH of unfiltered water, laboratory, by electrometry (Standard Methods 4500-H B; DODEC program)",
pH,None,,AZDEQ_SW UNKNOWN,UNKNOWN,,1,1,methods_unknown,
pH,None,,CEDEN 11,EPA 600/4-91-002M,,-1000000,-1000000,methods_fail; acute and chronic toxicity tests,
pH,None,,CEDEN 131,EPA 821/R-02-012M,,-1000000,-1000000,methods_fail; acute and chronic toxicity tests,
pH,None,,CEDEN 136,EPA 600/R-94-025,,-1000000,-1000000,methods_fail; acute and chronic toxicity tests,
pH,None,,CEDEN 140,EPA 600/R-99-064,,-1000000,-1000000,methods_fail; acute and chronic toxicity tests,
pH,None,,CEDEN 162,EPA 821/R-02-012,,-1000000,-1000000,methods_fail; acute and chronic toxicity tests,
pH,None,,CEDEN 214,EPA 600/R-95-136,,-1000000,-1000000,methods_fail; acute and chronic toxicity tests,
pH,None,,CEDEN 309,USGS I-2587-89,,1,1,"USGS I-2587-89; no such method, maybe -85?",
pH,None,,CEDEN 84,EPA 600/R-95-136M,,-1000000,-1000000,methods_fail; acute and chronic toxicity tests,
pH,None,,CEDEN 85,EPA 600/R-99-064M,,-1000000,-1000000,methods_fail; acute and chronic toxicity tests,
pH,None,,CHATFLD HORRIBU U-10,,,1,1,methods_unknown,
pH,None,,CHEROKEE CN_QAPP,,,1,1,methods_unknown,
pH,None,,CHEROKEE_WQX CN_QAPP,CN_QAPP,,1,1,methods_WQX,
pH,None,,COE/ISU APHA 4500-H B,,,1,1,,
pH,None,,COE/ISU_WQX APHA 4500-H B,pH Value - Electrometric Method,,1,1,,
pH,None,,CSKTRIBE CSKT_QUAPP,Confederated Salish and Kootenai Tribes Quality Assurance Project Plan,,1,1,methods_unknown,
pH,None,,EPA_R7_WQX 2334.04,Field sampling params.,,1,1,methods_WQX,
pH,None,,EPA_R7_WQX field,Field Measure,,1,1,methods_WQX,
pH,None,,EPA_R7_WQX pH w Field,pH Field Measure,,1,1,methods_WQX,
pH,None,,HACH 8156,pH in Water,,1,1,HACH 8156; EPA and APHA SMs,
pH,None,,IL_EPA FIELD,,,1,1,,
pH,None,,IL_EPA LAB,,,1,1,,
pH,None,,IL_EPA_WQX FIELD,MEASURED IN FIELD,,1,1,,
pH,None,,INSTOR_WQX 150.2,150.2,,1,1,,
pH,None,,INSTOR_WQX SM 4500H,SM 4500H,,1,1,,
pH,None,,IOWATER CHEMPHYS,,,1,1,,
pH,None,,IOWATER_WQX CHEMPHYS,IOWATER Chemical/Physical Assessment,,1,1,,
pH,None,,KAWNATON KAW_SOP,,,1,1,methods_unknown,
pH,None,,KAWNATON_WQX 150.1,pH,,1,1,"EPA 150.1; pH, Electrometric Method",
pH,None,,KWMNDATA HANNA PH,,,1,1,,
pH,None,,KWMNDATA LAMOTTE 2117,,,1,1,,
pH,None,,LADEQWPD LDEQ-FMO,,,1,1,methods_unknown,
pH,None,,LAKELAND DEP SOP FT 1100,,,1,1,methods_unknown,
pH,None,,LAKELAND_WQX DEP SOP FT 1100,Field pH,,1,1,methods_WQX,
pH,None,,LAKELAND_WQX FDEP FT1100,FDEP FT1100,,1,1,methods_WQX,
pH,None,,MASSDEP FIELD MEAS,Field measurement of water quality parameters using in-situ probes,,1,1,methods_unknown,
pH,None,,MCHD See QA Plan,See QA Plan for this Project,,1,1,,
pH,None,,MNPCA FLD,"Field measurement/observation, generic method",,1,1,methods_unknown,
pH,None,,MNPCA LEG_P00403,"PH, LAB, STANDARD UNITS                         SU",,1,1,,
pH,None,,MNPCA LEG_UNKNOWN,Legacy STORET migration; analytical procedure not specified,,1,1,,
pH,None,,MONT_DEQ_WQX HISTORIC-MONT-DEQ,Historic Procedure,,1,1,methods_WQX,
pH,None,,MTWTRSHD_WQX HYDROLAB-MTWTRSHD,Field Measurements Using the Hydrolab Datasonde 4,,1,1,methods_WQX,
pH,None,,NA NA,,,1,1,methods_unknown,
pH,None,,OKCORCOM CC-001,,,1,1,methods_unknown,
pH,None,,OREGONDEQ MOM grab,Field methods for DEQ Water sampling,,1,1,methods_unknown,
pH,None,,OREGONDEQ Not Available,Not Available,,1,1,methods_unknown,
pH,None,,PIIC_WQX PIIC_QAPP,PIIC_QAPP,,1,1,,
pH,None,,PTI_ITS_WQX YSI Meter 556,YSI Model 556 Multiparameter Meter,,1,1,,
pH,None,,R10BUNKER I2587,I2587,,1,1,USGS I-2587,
pH,None,,R10BUNKER PH-001,PH-001,,1,1,methods_unknown,
pH,None,,R10BUNKER PH-USGS,PH-USGS,,1,1,methods_unknown,
pH,None,,SDDENR_WQX field,UNKOWN,,1,1,methods_WQX,
pH,None,,SDDENR_WQX UNKNOWN,UNKNOWN,,1,1,,
pH,None,,SDDENR_WQX UNKOWN,UNKOWN,,1,1,methods_WQX,
pH,None,,SPIRITLK EL006,EL006,,1,1,methods_unknown,
pH,None,,SPIRITLK I2587,I2587,,1,1,USGS I-2587,
pH,None,,STCROIX_WQX UNKWN,Unknown method - historic STORET DATA,,1,1,,
pH,None,,STOCKBRIDGE_MUNSEE SMC_4500-H,pH in Water,,1,1,,
pH,None,,TCEQMAIN N/A Calculation,N/A Calculation,,-1000000,-1000000,methods_fail,
pH,None,,TDECWPC 1PH,,,1,1,methods_unknown,
pH,None,,UC_REGION_USBOR_WQX SMEWW 4500H+ B,Standard Methods for the Examniation of Water and Wastewater,,1,1,"APHA 4500-H+B: pH of unfiltered water, laboratory, by electrometry (Standard Methods 4500-H B; DODEC program)",
pH,None,,USDOI/USGS I-2587-85,"pH of Water Samples, Automated",,1,1,"USGS I-2587-85;  pH of Water Samples, Automated",
pH,None,,USDOI/USGS I1586,Water pH,,1,1,,
pH,None,,USEPA 00-01,Gross Alpha and Beta Activity in Water,,-1000000,-1000000,methods_fail,
pH,None,,USEPA 150.1,pH,,1,1,"EPA 150.1; pH, Electrometric Method",
pH,None,,USEPA 150.1,,,1,1,"EPA 150.1; pH, Electrometric Method",
pH,None,,USEPA 150.2,pH by Continuous Monitoring,,1,1,"EPA 150.1; pH, Electrometric Method",
pH,None,,USEPA 160.1_M,160.1 M ~ Total Dissolved Solids,,-1000000,-1000000,methods_fail,
pH,None,,USEPA 1600,Enterococci in Water by Membrane Filtration Using membrane-Enterococcus Indoxyl-B-D-Glucoside Agar (mEl),,-1000000,-1000000,methods_fail,
pH,None,,USEPA 310.1,Alkalinity by Titration,,-1000000,-1000000,methods_fail,
pH,None,,USEPA 360.1,Dissolved Oxygen Using an ISE,,-1000000,-1000000,methods_fail,
pH,None,,USEPA 9040A,9040 A ~ pH in Water by Electrometric Measurement,,1,1,,
pH,None,,USEPA 9040B,9040 B ~ pH in Water by Electrometric Measurement,,1,1,,
pH,None,,UTAHDWQ_WQX FIELD MEASURES,Field Measurements performed by Utah DWQ,,1,1,methods_WQX,
pH,None,,UTAHDWQ_WQX GENERIC METHOD,Used for all methods where historical methodology may not be available.,,1,1,methods_WQX,
pH,None,,WEARTH_WQX FLD,"Field measurement/observation, generic method",,1,1,,
pH,None,,YSI 120.1,Direct Measurement Method,,1,1,,
pH,NTU,NTU,USEPA 180.1,Turbidity by Nephelometry,,-1000000,-1000000,units_fail,
pH,NTU,,NA NA,,,-1000000,-1000000,units_fail,
pH,nu,,21KAN001_WQX SM 12th Ed Pg 226,Glass Electrode Method,,-1000000,-1000000,units_fail,
pH,nu,,NA NA,,,-1000000,-1000000,units_fail,
pH,nu,,TCEQMAIN N/A Calculation,N/A Calculation,,-1000000,-1000000,units_fail,
pH,nu,,USEPA 150.1,pH,,-1000000,-1000000,units_fail,
pH,ppm,ppm,NA NA,,,-1000000,-1000000,units_fail,
pH,S/m,,KAWNATON_WQX 150.1,pH,,-1000000,-1000000,units_fail,
pH,std units,std units,NA NA,,403,1,1,"USGS_00403; pH, Electrometric Method",
pH,std units,std units,USGS EL002,"pH, wu, lab (EPA  150.1 /DODEC)",403,1,1,"USGS_00403; pH, Electrometric Method",
pH,std units,std units,USGS EL006,"pH, lab, auto glass electrode",403,1,1,"USGS_00403; pH of unfiltered water, laboratory, by electrometry (EPA method 150.1; DODEC program)",
pH,std units,std units,USGS EL008,"pH, wu, lab (Std Methods /DODEC)",403,1,1,"USGS_00403; pH, Electrometric Method",
pH,std units,,NA NA,,400,1,1,"USGS_00400; pH, water, unfiltered, field, standard units",
pH,std units,,NA NA,,403,1,1,"USGS_00403; pH of unfiltered water, laboratory, by electrometry (EPA method 150.1; DODEC program)",
pH,std units,,NA NA,,90400,1,1,"USGS_90400; pH, water, area weighted average, standard units",
pH,std units,,USGS 4,,400,1,1,,
pH,std units,,USGS EL002,"pH, wu, lab (EPA  150.1 /DODEC)",403,1,1,"USGS_00403; pH of unfiltered water, laboratory, by electrometry (EPA method 150.1; DODEC program)",
pH,std units,,USGS EL003,"pH, wu, field, electrometry",400,1,1,"USGS_00400; pH, water, unfiltered, field, standard units",
pH,std units,,USGS EL006,"pH, lab, auto glass electrode",403,1,1,"USGS_00403; pH of unfiltered water, laboratory, by electrometry (EPA method 150.1; DODEC program)",
pH,std units,,USGS EL007,"pH, LIS, lab, auto electrometry",403,1,1,"USGS_00403; pH of unfiltered water, laboratory, by electrometry (EPA method 150.1; DODEC program)",
pH,std units,,USGS EL009,"pH, fld,glass electrode (NRP&CO)",400,1,1,"USGS_00400; pH, water, unfiltered, field, standard units",
pH,std units,,USGS EL010,"pH, lab, automated (NRP & CO)",403,1,1,"USGS_00403; pH of unfiltered water, laboratory, by electrometry (EPA method 150.1; DODEC program)",
pH,std units,,USGS EL015,"pH, lab, auto, Ross (USGS-NYL)",403,1,1,,
pH,std units,,USGS EL019,"pH, wu, Ross (USGSNYWC; ALSC)",403,1,1,,
pH,std units,,USGS G,,400,1,1,"USGS_00400; pH, water, unfiltered, field, standard units",
pH,std units,,USGS I,,400,1,1,"USGS_00400; pH, water, unfiltered, field, standard units",
pH,std units,,USGS PAPER,"pH, field, litmus or test strips",400,1,1,"USGS_00400; pH, water, unfiltered, field, standard units",
pH,std units,,USGS PROBE,"pH, field, electrometric",400,1,1,"USGS_00400; pH, water, unfiltered, field, standard units",
pH,ug/l,ug/l,USEPA 150.1,pH,,-1000000,-1000000,units_fail,
pH,ug/l,,NA NA,,,-1000000,-1000000,units_fail,
pH,,,21GAEPD_WQX FIELD/NS,Field procedure or Not Specified,,1,1,methods_WQX,
pH,,,APHA 4500-H,,,1,1,"APHA 4500-H+B: pH of unfiltered water, laboratory, by electrometry (Standard Methods 4500-H B; DODEC program)",
pH,,,NA NA,,,1,1,methods_unknown,
pH,,,USDOI/USGS I1586,Water pH,,1,1,,
pH,,,USEPA 150.1,pH,,1,1,,
pH,,,USEPA 150.1,,,1,1,"EPA 150.1; pH, Electrometric Method",https://www.nemi.gov/methods/method_summary/4685/
pH,,,USEPA 9040A,9040 A ~ pH in Water by Electrometric Measurement,,1,1,,
